0,78.995,20.705,11.7,0.24865,0.4804801,2.6529329,0.3612014,4.0822821,58.404,13.778,2.4,0.4931323,0.3937631,0.8217454,0.2350656,1.2064153,0,0,0,0,0,1
48,83.502,24.976,6.2,0.4259962,0.4423062,1.3208248,0.2591375,1.9459432,80.382,18.864,8.4,0.429658,0.3941609,0.9874247,0.2935199,1.6812159,0,0,0,0,0,1
120,84.102,20.341,6.7,0.2589545,0.5897934,2.6303204,0.2860686,3.6590151,83.862,19.525,11.9,0.3292668,0.3904002,1.7735077,0.4097806,3.3164213,0,0,0,0,0,1
216,73.262,23.403,10.5,0.4396035,0.338044,0.7890522,0.3743173,1.6617988,71.922,20.34,13.2,0.2137122,0.4803596,2.6358748,0.4012387,4.1739609,0,0,0,0,0,1
288,73.328,22.121,15.7,0.2913388,0.4292969,1.6448857,0.5925231,3.5827738,74.811,19.464,1.5,0.4245272,0.3709771,1.0837167,0.3536111,1.8923311,0,0,0,0,0,1
384,79.593,19.321,6,0.2444504,0.4332353,1.9944548,0.4552895,3.4628675,77.489,14.413,5.9,0.2143023,0.4729116,2.0281256,0.3473094,3.4134092,0,0,0,0,0,1
462,79.52,17.713,11,0.3073815,0.5914037,2.3913157,0.1485745,2.5720273,77.482,18.277,17.7,0.2308988,0.4889435,2.0172397,0.486795,4.1064747,0,0,0,0,0,1
456,71.857,19.285,10.5,0.3408681,0.2756533,0.8842413,0.683463,3.1640346,75.416,17.945,4.6,0.4136789,0.4079539,1.0630986,0.3250382,1.8470894,0,0,0,0,0,1
504,75.182,20.078,7,0.2659673,0.3708453,1.9906112,0.5190059,3.6157833,78.099,19.911,8.7,0.202775,0.4261352,2.5047086,0.4938288,4.6860865,0,0,0,0,0,1
624,78.739,18.64,12.4,0.2815417,0.5278294,2.2159437,0.2463317,3.01523,78.086,18.773,13.2,0.2895683,0.4775618,1.5797827,0.2362062,2.346582,0,0,0,0,0,1
672,83.435,18.593,4.1,0.3795204,0.4612742,1.3399385,0.2570868,1.9056344,78.281,17.265,3.3,0.2574414,0.4068245,1.7788972,0.4269178,3.3398571,0,0,0,0,0,1
720,80.188,21.035,14.7,0.3226385,0.4401973,1.5074254,0.303218,2.5361327,77.73,18.317,10.7,0.4536635,0.4155242,0.9546632,0.2743106,1.5877991,0,0,0,0,0,1
888,81.905,18.564,10,0.3099087,0.4672956,1.5636083,0.280573,2.4438854,81.808,18.709,9.6,0.3562584,0.4336827,1.4654054,0.2695006,1.792534,0,0,0,0,0,1
1176,72.352,16.016,11.3,0.1647097,0.480127,2.6651734,0.5499136,5.5748295,73.559,19.005,9.5,0.3454434,0.4675671,1.356939,0.3347136,2.3061963,0,0,0,0,0,1
1224,72.021,18.407,6.8,0.18375,0.334244,2.2626958,0.638715,5.6304695,80.106,21.043,2.8,0.3055811,0.409617,1.9065137,0.3886671,3.0485324,0,0,0,0,0,1
1296,79.582,20.56,3.3,0.2923489,0.4845041,1.7469791,0.2942068,2.6758769,81.765,19.221,7.6,0.2443435,0.4034672,1.6894548,0.4843515,3.4590309,0,0,0,0,0,1
1464,70.456,18.889,2.8,0.206338,0.4955975,2.5673774,0.374031,4.6259624,72.746,18.617,5.4,0.3875811,0.3918639,1.2167019,0.5005028,2.8272735,0,0,0,0,0,1
1560,72.409,20.134,9.2,0.2160618,0.3819354,1.9717231,0.5956388,4.7653888,75.129,20.312,9,0.2357348,0.4861855,2.1676291,0.281705,3.2111542,0,0,0,0,0,1
1632,83.656,18.656,3.9,0.3073559,0.6251391,2.2348116,0.2478931,3.0280872,85.751,20.639,10.9,0.3323957,0.4954306,1.6142876,0.287121,2.4779857,0,0,0,0,0,1
1896,80.046,18.788,1.8,0.3077394,0.4501495,1.6618668,0.3514174,2.6186118,81.212,19.781,4.5,0.3283576,0.4426769,1.606288,0.3073246,2.3419291,0,0,0,0,0,1
1968,83.728,18.588,6.3,0.395046,0.4341675,1.8682077,0.3209616,2.1761655,84.696,20.073,9.3,0.3450051,0.5328191,2.6942643,0.2238825,2.9925223,0,0,0,0,0,1
2064,79.381,19.236,3.7,0.3253441,0.3770204,1.0866524,0.3332983,2.3044109,78.789,18.012,2.2,0.3171337,0.6062559,2.3071491,0.2626025,2.972131,0,0,0,0,0,1
2136,81.268,17.294,1.3,0.3695508,0.5089094,1.6007519,0.1511126,1.6166213,82.14,19.616,5.1,0.3238836,0.4167138,1.3321992,0.4070179,2.4689464,0,0,0,0,0,1
2232,79.091,18.27,5.4,0.2385876,0.4989627,2.4803431,0.30537,3.4542248,78.155,18.932,12.2,0.3305215,0.3970836,1.2513567,0.4402057,2.4269987,0,0,0,0,0,1
2352,79.326,16.408,6.3,0.2397395,0.3740127,1.9885624,0.4240611,4.7080204,78.247,18.07,11.2,0.2234217,0.5134285,2.7854651,0.3180168,3.9766331,0,0,0,0,0,1
2479,84.905,18.437,7.4,0.2053438,0.445222,2.6784493,0.4495512,4.4919927,82.167,17.347,5.7,0.1995006,0.4952789,2.7008497,0.4775877,5.1124461,0,0,0,0,0,1
2736,79.318,17.859,5.5,0.2532022,0.4352481,2.1854308,0.4122275,3.9107368,79.562,18.416,4.7,0.3501063,0.3830079,1.1929572,0.3783809,2.1141601,0,0,0,0,0,1
2904,82.446,20.029,2.9,0.2286208,0.4861036,2.4356633,0.4013388,3.7373359,82.486,19.485,3.6,0.2675283,0.382506,1.4614201,0.4050141,2.6921561,0,0,0,0,0,1
3144,85.883,18.205,4.5,0.2484594,0.5365194,2.1835562,0.28661,3.1241835,85.757,17.376,5,0.3931991,0.3814361,1.1015119,0.3430677,2.0011175,0,0,0,0,0,1
3240,84.76,19.198,5.3,0.1819094,0.5480996,3.0001402,0.3519276,4.6031798,92.161,19.611,3.3,0.2323035,0.4554471,1.8984,0.3054852,2.9063307,0,0,0,0,0,1
3528,66.244,18.547,13.3,0.2140654,0.4749682,2.4536519,0.4460872,4.378369,64.706,17.465,8.6,0.2254302,0.4650109,2.1735363,0.408779,4.237457,0,0,0,0,0,1
3576,78.009,21.444,8.9,0.2975328,0.4230999,1.5281885,0.386805,3.1143714,75.923,20.489,8.6,0.3407335,0.3194942,1.2476297,0.5166959,3.1168711,0,0,0,0,0,1
0,73.865,27.188,15.1,0.1754627,0.4643089,2.6702384,0.5420384,5.2210921,73.038,26.036,13.2,0.3551846,0.4213231,1.3270252,0.4724808,2.7254701,0,0,0,0,0,1
48,74.865,21.687,18.4,0.2563435,0.474075,2.1299083,0.3893501,3.7230267,76.373,18.58,13.2,0.3438706,0.373779,1.1609731,0.3597149,2.1255462,0,0,0,0,0,1
96,80.032,27.379,15.4,0.4020908,0.4923363,1.4140261,0.3055361,2.2516834,76.035,24.429,10.7,0.3210883,0.4788175,1.4703818,0.2128283,1.9980168,0,0,0,0,0,1
168,79.872,25.75,14.4,0.3108171,0.5343984,2.286821,0.2794577,3.077882,74.544,30.114,2.9,0.2788413,0.432224,1.5059825,0.3342177,2.8145326,0,0,0,0,0,1
264,78.861,25.788,17.8,0.2792607,0.4856428,1.9420582,0.4149336,2.9729366,77.907,19.86,9.4,0.3318049,0.4154853,1.2108332,0.378223,2.2733487,0,0,0,0,0,1
432,80.246,29.155,20.4,0.3221375,0.4196236,1.4327263,0.4539389,3.0610893,78.989,25.548,10.3,0.4978756,0.4305782,0.9264312,0.2140485,1.2758832,0,0,0,0,0,1
504,78.781,24.948,5.8,0.4515702,0.4522707,1.1194951,0.1833292,1.4426106,77.246,26.551,9.6,0.4187289,0.4001098,1.3226271,0.4300738,2.2975823,0,0,0,0,0,1
720,77.604,25.938,11.7,0.3383042,0.4882571,2.1938427,0.4455291,2.9781209,79.086,19.516,9.5,0.4038504,0.4199544,1.1354822,0.3628949,2.0801106,0,0,0,0,0,1
888,78.094,22.901,10.1,0.4501659,0.4804071,1.1037619,0.0889657,1.2713718,77.23,21.465,8.5,0.4207896,0.4121658,1.1256528,0.1920637,1.7220014,0,0,0,0,0,1
1272,75.802,17.601,1.5,0.397728,0.3563365,0.9951194,0.4071352,1.9748885,76.221,17.886,7.2,0.3935147,0.3075249,0.9092809,0.4669004,2.0230713,0,0,0,0,0,1
1512,74.175,20.801,8,0.536341,0.3757662,0.788089,0.2836895,1.3263125,75.985,26.64,14.4,0.4230019,0.4177194,1.0738996,0.4857605,2.418652,0,0,0,0,0,1
2112,72.373,27.198,14.6,0.3354944,0.4631914,1.3845299,0.2703771,2.0543879,67.716,19.15,6.6,0.4474739,0.374317,0.9321057,0.2908256,1.5712919,0,0,0,0,0,1
2448,73.396,20.394,11.3,0.3835545,0.4415817,1.3422095,0.2946639,2.2462374,72.114,17.969,7.5,0.4879491,0.2833236,0.6702214,0.3375391,1.3580789,0,0,0,0,0,1
3456,70.425,19.477,8.5,0.4717657,0.3603393,0.8027594,0.3696165,1.5458085,70.413,18.368,6.1,0.4770937,0.2930174,0.6804823,0.3487935,1.4272174,0,0,0,0,0,1
0,77.505,25.88,9.3,0.4821778,0.3718265,0.8174478,0.2481566,1.2570347,107.387,23.482,1,0.5209251,0.4135289,0.8450912,0.2226458,1.3376404,0,0,0,0,0,1
48,78.747,20.012,4.8,0.5121824,0.3551099,0.8008701,0.3903777,1.6847773,98.573,16.085,0,0.3292893,0.4371125,1.5984202,0.4190381,2.4955353,0,0,0,0,0,1
96,77.838,23.165,3.8,0.340485,0.5471861,2.0314897,0.2616667,2.6939049,100.332,22.719,6.7,0.5558009,0.3541866,0.7045645,0.126777,0.8764248,0,0,0,0,0,1
336,79.049,22.204,10.7,0.470955,0.3874411,0.8988627,0.4592434,2.034714,93.238,20.876,1.9,0.5866381,0.2292155,0.4634301,0.3022355,0.9727762,0,0,0,0,0,1
384,86.579,21.232,7.5,0.4956446,0.3338072,0.6769458,0.50891,1.6513274,100.386,18.08,0.6,0.2927265,0.3958235,1.790883,0.4561055,3.1218865,0,0,0,0,0,1
511,92.165,22.649,3.1,0.1781492,0.4106497,2.4939733,0.5384482,4.9860765,84.508,20.741,9.2,0.4115426,0.3957168,1.2878828,0.2876584,2.0344794,0,0,0,0,0,1
504,88.408,19.739,5.1,0.3127976,0.4917078,1.8871648,0.3602685,2.3760043,103.442,19.702,3.7,0.4809305,0.4193525,0.9448365,0.1537796,1.3168715,0,0,0,0,0,1
600,83.294,23.12,8.8,0.3627924,0.355575,1.4354288,0.4381631,2.3477543,82.677,22.028,11.7,0.4897762,0.3848535,0.9421724,0.319642,1.5390965,0,0,0,0,0,1
672,74.107,20.113,10.4,0.3138113,0.506665,2.6163671,0.3241393,2.9776457,80.979,21.871,7,0.4276441,0.4876187,1.3470093,0.4938777,2.3129297,0,0,0,0,0,1
720,71.747,21.376,9.5,0.3657662,0.4471186,1.2905358,0.3044432,1.9415673,81.288,21.084,9.1,0.3721533,0.3768653,1.1164516,0.4944374,2.6460003,0,0,0,0,0,1
768,75.95,20.468,5.2,0.3131551,0.4498152,1.6874077,0.3872763,2.9212986,80.88,23.07,8.7,0.4014971,0.3457097,1.0096419,0.5358483,2.3636945,0,0,0,0,0,1
888,74.843,21.638,10.7,0.3192631,0.4946601,1.658556,0.2883873,2.4460996,85.461,20.841,9.4,0.3721935,0.4463244,1.4633262,0.5922306,3.3708847,0,0,0,0,0,1
936,87.065,19.589,10.3,0.371259,0.4011411,1.2748912,0.3191206,2.2130181,81.269,21.594,5.6,0.3755599,0.4160734,1.2106552,0.3299025,1.967058,0,0,0,0,0,1
1008,86.809,20.328,9.2,0.2696454,0.3507193,1.4404315,0.6346906,3.5331699,90.764,22.807,8.6,0.2162133,0.5953972,3.0033876,0.3066055,4.0504319,0,0,0,0,0,1
1056,71.904,18.219,3.8,0.4154413,0.4516754,1.2364565,0.2416886,1.6922723,97.28,20.769,0,0.2921743,0.5136405,1.7797465,0.4906469,3.4390019,0,0,0,0,0,1
1104,77.728,19.402,4.5,0.3840562,0.4033516,1.1098789,0.3355807,1.9915059,97.563,22.975,9.4,0.1865892,0.3899314,2.2864617,0.6330773,5.2624286,0,0,0,0,0,1
1272,81.943,18.936,8.6,0.3265862,0.3576304,1.4481979,0.5791534,2.8193031,81.364,18.616,4.4,0.4510291,0.3307891,0.8835081,0.5302752,2.1762251,0,0,0,0,0,1
1440,82.291,19.555,11.7,0.3653432,0.377582,1.3594898,0.3205754,2.2943683,87.277,21.307,19.8,0.2071859,0.4870233,2.3248731,0.395526,3.9130138,0,0,0,0,0,1
1776,86.856,20.846,7,0.2513068,0.3854054,1.7961723,0.4654857,3.414237,83.335,19.648,7,0.2908975,0.232839,0.8410468,0.7462075,3.5474812,0,0,0,0,0,1
1944,84.74,22.141,10.1,0.3661466,0.3632277,1.7018023,0.5719228,3.188643,82.484,20.089,5.4,0.3531752,0.3800731,1.0265149,0.5589416,2.4536812,0,0,0,0,0,1
2112,80.33,19.519,7.9,0.3368177,0.4306341,1.1700585,0.4424694,2.4662399,79.8,18.995,9,0.3586685,0.4493551,1.2654771,0.3196279,2.139027,0,0,0,0,0,1
2280,92.152,25.079,9.8,0.2261447,0.3263597,1.5870252,0.5709247,3.9970826,97.981,22.705,9.9,0.1787586,0.3980862,2.319669,0.5836988,5.5303002,0,0,0,0,0,1
2520,93.255,27.201,8.9,0.2196143,0.3901985,2.0680412,0.6224648,4.8488583,89.232,21.967,7.8,0.1733564,0.3733306,2.0554418,0.5910624,4.7302623,0,0,0,0,0,1
3120,88.11,20.82,7.8,0.2051111,0.4749009,2.7920507,0.4841966,4.9617709,86.557,20.408,5.2,0.2177986,0.3598234,2.0158574,0.4883562,4.0992251,0,0,0,0,0,1
0,73.834,10.447,7,0.38033,0.5130309,1.4280985,0.2806477,2.1996753,78.486,13.325,5.3,0.4496278,0.3503128,1.008631,0.4969579,2.3324377,0,0,0,0,0,1
72,82.961,13.536,6.5,0.4666581,0.5006617,1.2997755,0.1772871,1.6125007,86.994,21.484,8.6,0.2651617,0.4362876,1.7573925,0.2579269,2.328427,0,0,0,0,0,1
240,73.947,13.426,4.6,0.4806939,0.4308644,1.0473713,0.2205919,1.4276917,83.646,16.011,7.5,0.395225,0.3971714,1.0037399,0.1888393,1.4387838,0,0,0,0,0,1
672,80.137,18.353,11,0.4029225,0.3908739,1.2849053,0.3786048,1.8907331,82.59,16.675,3.6,0.5193281,0.3718425,0.8802455,0.3887343,1.6082761,0,0,0,0,0,1
1008,76.434,14.841,11,0.2739834,0.5018763,2.2793107,0.300707,3.1302771,83.825,18.506,1.7,0.2741865,0.4935177,1.8324309,0.4045936,2.8946088,0,0,0,0,0,1
1248,84.127,16.013,7.4,0.5418563,0.3147541,0.7040101,0.3100325,1.3729525,78.976,14.162,6.4,0.6044329,0.2688457,0.4743069,0.2839577,1.0294463,0,0,0,0,0,1
1752,71.6,14.022,4.1,0.2305598,0.3462011,1.5285324,0.5330053,3.342517,72.892,13.777,1.6,0.3202995,0.3355717,1.1676159,0.513698,2.5952548,0,0,0,0,0,1
1920,70.969,13.65,3.4,0.3490716,0.2890417,0.9839957,0.5985566,2.6564274,74.843,15.778,4.2,0.426427,0.3913252,1.0526976,0.4736081,2.2181136,0,0,0,0,0,1
2016,79.528,13.11,3.1,0.4886492,0.25673,0.6187601,0.3524148,1.3799981,94.88,13.323,5.3,0.2987946,0.3040146,1.5960603,0.6508819,3.3479165,0,0,0,0,0,1
2088,76.418,14.763,9.3,0.3435728,0.27861,0.8516719,0.579479,2.3740281,77.998,15.172,8.4,0.305307,0.32932,1.2180002,0.5444927,2.9104201,0,0,0,0,0,1
2256,73.528,13.715,3.6,0.5925823,0.2363805,0.4210929,0.3384154,0.9953385,77.698,11.875,3.4,0.5413216,0.2771825,0.5193476,0.270106,1.0351485,0,0,0,0,0,1
2352,71.15,14.177,4.5,0.3392935,0.3235337,0.9273764,0.4743078,2.2385242,68.962,13.718,5.6,0.3773764,0.2211873,0.5708388,0.599383,2.2232004,0,0,0,0,0,1
2424,73.333,13.474,7.5,0.4441518,0.2442992,0.5519133,0.3823009,1.3794292,83.428,14.724,5.9,0.3356126,0.4362061,1.5246468,0.4101148,2.6491516,0,0,0,0,0,1
2520,65.009,14.426,4.5,0.4331726,0.3013756,0.7975211,0.4611177,1.8272873,76.656,12.021,1.5,0.4291001,0.2858537,0.7894204,0.5633628,2.019162,0,0,0,0,0,1
2688,66.717,12.421,4.2,0.2180216,0.5231941,2.4323136,0.4308517,4.0051377,79.236,16.049,1.6,0.2893831,0.431641,2.5621952,0.4707715,4.9286951,0,0,0,0,0,1
2760,69.292,14.198,6.7,0.398303,0.268734,0.7448928,0.5361014,2.3034989,78.056,13.234,1.8,0.6152881,0.2610761,0.4382662,0.2741163,0.9224298,0,0,0,0,0,1
2856,68.058,16.598,6.2,0.4665461,0.2966904,0.6069312,0.3359999,1.280393,69.358,14.034,4.6,0.4677078,0.2847866,0.7545734,0.4168454,1.5040067,0,0,0,0,0,1
3192,69.715,14.291,2.8,0.4870279,0.2879091,0.6840306,0.5411941,1.8522681,69.559,19.897,4.1,0.5824431,0.269874,0.4683675,0.2917733,1.0555838,0,0,0,0,0,1
0,66.272,19.651,10.8,0.3826946,0.5596349,1.7571386,0.2779259,2.4921881,82.908,15.705,11.9,0.2256906,0.6048944,2.6968785,0.1549053,3.1025084,0,0,0,0,0,1
48,69.225,16.58,5.1,0.2997614,0.3924183,2.8606473,0.4669163,3.7607928,71.329,18.122,7.9,0.4186253,0.4365636,1.0877141,0.3337679,1.8301984,0,0,0,0,0,1
96,63.819,18.682,2.7,0.4346873,0.3414685,0.9085527,0.5230029,2.2301167,63.298,17.688,9.2,0.4050892,0.3472059,0.8884336,0.4220223,2.1007557,0,0,0,0,0,1
168,62.286,19.963,8.3,0.3225502,0.453241,1.7032704,0.2704577,2.3380321,62.161,17.43,9.3,0.424618,0.4406103,1.2499974,0.3840236,2.2557583,0,0,0,0,0,1
216,69.005,17.688,3.5,0.473235,0.3929126,1.0450754,0.339558,1.7566331,72.421,14.914,1.4,0.3121171,0.3973599,1.2563914,0.4025576,2.5485509,0,0,0,0,0,1
264,70.389,22.406,8.1,0.3580338,0.3638197,1.3655003,0.574371,3.1989002,78.315,15.904,1.6,0.5737876,0.2798377,0.4709191,0.2679703,0.9599793,0,0,0,0,0,1
343,68.246,19.23,5.7,0.4187284,0.3451688,1.2507903,0.3153738,1.9216043,65.919,18.582,11.1,0.3870326,0.3977023,1.118116,0.3497374,2.1426416,0,0,0,0,0,1
336,64.952,18.073,9.9,0.3182593,0.4559776,1.9572696,0.5248684,3.2260727,66.771,14.199,6,0.3219053,0.3409555,1.1955198,0.4766826,2.5279671,0,0,0,0,0,1
384,65.702,17.641,14.6,0.441772,0.4588012,1.2115338,0.2773216,1.8429618,79.763,19.123,7.4,0.467686,0.4258503,1.0545879,0.1675388,1.207869,0,0,0,0,0,1
432,65.884,18.819,13.5,0.4064882,0.4446176,1.4594254,0.2572025,1.9175487,76.741,20.827,9.3,0.3995113,0.4251486,1.2323156,0.3035829,1.9278981,0,0,0,0,0,1
504,66.259,16.203,8.2,0.5674287,0.356576,0.7468476,0.3945008,1.5262838,72.058,16.923,4.7,0.3419009,0.4237141,1.6499189,0.4331117,2.9592178,0,0,0,0,0,1
720,62.545,21.011,7.2,0.4237262,0.3485345,0.9243946,0.4549662,2.0405693,63.48,19.741,10.4,0.4968588,0.3745034,0.8519471,0.2199211,1.2140115,0,0,0,0,0,1
840,62.226,17.501,4.4,0.3497047,0.4142784,1.4618549,0.2812418,2.1346038,61.283,17.054,5.1,0.391172,0.3755797,1.0337098,0.4184649,2.0519392,0,0,0,0,0,1
888,64.746,18.47,8,0.3005461,0.4470346,1.7018033,0.3329284,2.6227223,59.306,15.396,18.3,0.3256019,0.4471766,1.3412927,0.2999757,2.0595639,0,0,0,0,0,1
1104,65.991,16.612,10.7,0.3840922,0.4838969,1.3738371,0.2358517,1.9422413,61.187,19.442,9.7,0.2580526,0.3689891,1.5477448,0.5724408,3.5259508,0,0,0,0,0,1
1392,63.471,18.367,3.4,0.4494206,0.4034289,0.9332195,0.4142681,1.8671733,62.581,15.722,13.2,0.3513741,0.4009217,1.1894155,0.4266489,2.5137595,0,0,0,0,0,1
1440,69.242,19.538,6,0.3816815,0.4271211,1.1888,0.4195763,2.2999617,68.584,17.677,0,0.4582246,0.4126868,1.0844131,0.1945813,1.4953208,0,0,0,0,0,1
3576,62.67,15.39,0.5,0.5560009,0.2736492,0.5526337,0.2740554,1.1234796,62.563,18.781,5,0.3421164,0.4482764,1.4575216,0.4598284,2.8415097,0,0,0,0,0,1
0,92.529,18.424,1.7,0.143792,0.4666077,3.2102304,0.5135624,5.0734415,76.935,13.138,0,0.4338002,0.3419766,0.8844523,0.407554,1.895708,0,0,0,0,0,1
72,76.368,17.513,11,0.3033226,0.4493623,1.5322107,0.367398,2.6505867,88.699,17.772,6.8,0.2416923,0.4231976,1.9073582,0.5208531,4.0468367,0,0,0,0,0,1
168,73.489,15.072,5,0.3061749,0.3482626,1.3341129,0.5948387,3.1798493,90.064,13.488,0,0.3531223,0.3349561,0.9612579,0.5150716,2.2503681,0,0,0,0,0,1
240,71.893,14.739,3.2,0.3900233,0.4809295,1.3128985,0.3878282,2.3232915,64.952,16.86,0,0.5225132,0.4103273,0.8182836,0.1314798,1.1138013,0,0,0,0,0,1
341,68.143,16.893,0,0.4862592,0.3354119,1.5540696,0.2850601,1.2935968,78.316,24.193,2.8,0.6253658,0.3283107,0.6265657,0.1767774,0.879309,0,0,0,0,0,1
336,87.267,13.848,0.7,0.2752788,0.5163584,2.3223826,0.3139583,3.2936417,83.468,14.365,0.4,0.4065896,0.4316321,1.1721887,0.4407744,2.2713315,0,0,0,0,0,1
408,73.45,20.891,3.3,0.5413459,0.3061873,0.5935731,0.2883976,1.2325842,79.814,16.294,0.9,0.5708627,0.375404,0.7399301,0.2194114,1.1490976,0,0,0,0,0,1
576,74.707,16.663,0.9,0.4894147,0.3179785,0.8341153,0.3149056,1.3555076,86.903,18.724,1.2,0.3241313,0.3756162,1.6136296,0.5153911,3.1776818,0,0,0,0,0,1
672,79.728,20.314,3.5,0.3085425,0.4656202,1.7658858,0.4101223,3.200529,89.485,20.624,1.9,0.3646827,0.4177757,1.5410048,0.490083,2.8381489,0,0,0,0,0,1
744,76.432,20.899,3.7,0.3478633,0.5273018,1.5571875,0.1381114,1.7094827,89.305,19.015,2.6,0.3002376,0.4566437,1.4845515,0.43473,2.7725289,0,0,0,0,0,1
912,65.035,16.666,1,0.3336643,0.3729384,1.3831447,0.5320744,2.697989,78.384,20.234,0,0.2677992,0.4557832,1.8981673,0.4469842,3.243259,0,0,0,0,0,1
1008,70.646,18.776,2.9,0.3866611,0.5042268,1.5041617,0.2761554,2.1184905,75.137,19.08,1.4,0.4883246,0.359807,0.795949,0.2644548,1.3485104,0,0,0,0,0,1
1080,66.86,18.402,14.6,0.2548173,0.4792454,2.0791757,0.4158097,3.4469659,67.405,20.319,6,0.2743977,0.3426959,1.6853915,0.531174,3.8780754,0,0,0,0,0,1
1248,77.806,21.539,8.5,0.3820109,0.2991914,0.8536614,0.5363314,2.3511827,79.378,24.286,0.4,0.3590703,0.4453594,1.5997055,0.4496044,2.7471105,0,0,0,0,0,1
1344,75.578,20.89,1.9,0.4379777,0.4431947,1.0322194,0.2880929,1.656425,80.036,16.784,1.3,0.3996605,0.3890217,1.007845,0.4253928,2.0615001,0,0,0,0,0,1
1512,68.307,20.129,2.2,0.4185054,0.473883,1.3190649,0.2129536,1.7462943,69.575,20.243,1.5,0.3880983,0.3839481,1.1068483,0.3133901,1.9834227,0,0,0,0,0,1
1920,70.698,18.808,11.9,0.4303612,0.3025469,0.9359672,0.4846461,2.0785969,83.974,27.326,4.6,0.3506525,0.4886982,1.9249189,0.2863363,2.4820232,0,0,0,0,0,1
2088,60.717,18.319,5.8,0.4293024,0.3680822,0.9579723,0.372782,1.7333356,69.171,19.001,1.2,0.1839834,0.4266938,2.865743,0.5580056,6.0638176,0,0,0,0,0,1
0,86.419,20.187,8,0.4365568,0.3835948,1.4944724,0.4419363,2.3615651,82.604,18.848,6,0.5219167,0.4112104,0.8161265,0.1260392,1.053184,0,0,0,0,0,1
48,87.821,22.987,12.8,0.2471386,0.4966208,3.0141169,0.4149225,4.4695546,82.757,19.057,4.9,0.2754564,0.515687,2.1645204,0.3379442,2.7786216,0,0,0,0,0,1
96,82.149,20.052,1.3,0.174207,0.5429472,4.1400005,0.3940563,5.7233084,79.722,18.421,12.6,0.2898607,0.3905828,1.3552726,0.5021113,2.877062,0,0,0,0,0,1
168,82.922,24.829,12.1,0.1924508,0.5439942,2.9981287,0.374439,4.4231803,84.628,19.744,4.5,0.5773489,0.3556297,0.6475255,0.2282047,1.0907694,0,0,0,0,0,1
264,94.234,27.635,11.4,0.2126519,0.5246296,2.4545726,0.3896053,3.7204756,86.987,22.035,12.7,0.2479596,0.4384954,2.2113787,0.480868,4.1342243,0,0,0,0,0,1
336,76.64,20.061,9.3,0.1986315,0.5839716,3.5013548,0.3008084,4.437784,81.223,20.743,9.3,0.4338209,0.5109607,1.4565503,0.1522867,1.6808449,0,0,0,0,0,1
432,86.1,22.155,12.7,0.3234594,0.5331492,1.6394397,0.2178368,2.1762678,84.991,25.629,4.9,0.4395039,0.4694142,1.2988339,0.3334268,1.9896246,0,0,0,0,0,1
720,92.222,23.54,4,0.1818959,0.6358307,4.1216691,0.2096276,5.5076071,89.89,22.51,2.3,0.5890087,0.3258892,0.6360362,0.2167666,1.0574062,0,0,0,0,0,1
888,96.769,15.729,0.3,0.1666726,0.391227,2.6194624,0.6100514,6.0705163,85.307,21.944,4.4,0.3627599,0.411667,1.3883913,0.4003214,2.5931394,0,0,0,0,0,1
1272,83.452,23.523,17.1,0.212465,0.5043582,3.4560957,0.4056292,6.1097399,77.839,18.262,6.9,0.1378584,0.4245459,3.8163448,0.583562,8.6934131,0,0,0,0,0,1
1344,77.497,21.239,11.3,0.2088723,0.3352108,1.813372,0.6717104,4.5986356,80.725,19.659,11.5,0.2964661,0.3928672,1.5618119,0.5528745,3.5287143,0,0,0,0,0,1
1512,97.799,23.421,6.7,0.3345044,0.3285065,1.2924613,0.5761883,2.9606799,86.143,21.565,8.2,0.1372121,0.3537661,3.574925,0.6416626,6.7470335,0,0,0,0,0,1
1848,82.864,23.479,8,0.2660505,0.5241255,2.1104996,0.4782518,3.813425,82.859,19.547,15.7,0.2169619,0.4766154,2.6055015,0.4118149,4.5804442,0,0,0,0,0,1
2112,83.982,20.727,15.4,0.1491813,0.6281616,4.8892671,0.4054569,7.8249016,79.079,20.406,8.1,0.1813585,0.4530601,2.4266237,0.3905864,4.4907633,0,0,0,0,0,1
2448,90.274,25.508,5,0.155794,0.4571079,3.7475853,0.5359206,6.7860791,90.072,21.388,4.5,0.3580802,0.4698959,1.433299,0.2571498,2.0629033,0,0,0,0,0,1
3456,78.017,20.16,3.8,0.2739458,0.4382379,1.6556373,0.5032075,3.3988105,76.966,20.051,7.6,0.2298388,0.5461502,3.0497496,0.2868515,3.8786907,0,0,0,0,0,1
72,63.861,30.009,7.7,0.3948582,0.478301,1.2350495,0.1785119,1.6165142,67.36,32.961,0.6,0.438458,0.3360494,0.9602162,0.4206927,1.7064919,0,0,0,0,0,1
168,48.414,20.17,5.7,0.283639,0.3549299,1.3958468,0.567498,3.6409446,48.181,19.881,10.9,0.2584861,0.402105,1.7126297,0.6118751,4.0296682,0,0,0,0,0,1
240,49.952,15.835,6.4,0.2347535,0.4157956,1.8702061,0.563312,3.9081891,52.287,14.805,7.6,0.2304941,0.3157161,1.6021702,0.6424638,4.0631215,0,0,0,0,0,1
408,74.472,18.619,1.3,0.4269753,0.3889135,0.9405212,0.2674904,1.4767468,70.17,21.362,0.7,0.5103181,0.2626088,0.5321906,0.4907769,1.5252002,0,0,0,0,0,1
504,57.479,19.698,0.9,0.4074976,0.3719158,1.1694101,0.3672999,2.0691102,50.147,17.065,3.1,0.2127436,0.2647245,1.3862409,0.7104968,4.7181062,0,0,0,0,0,1
576,58.071,19.046,1.8,0.2543433,0.3012099,1.405285,0.5850212,3.8510621,58.891,17.197,1.8,0.3588327,0.3245944,0.9225392,0.5538643,2.4306264,0,0,0,0,0,1
840,64.627,19.651,6.4,0.2879889,0.4284561,2.0934807,0.5467363,4.7365779,62.178,15.991,3.9,0.3089364,0.3062533,0.9417603,0.5964173,2.7856442,0,0,0,0,0,1
1176,66.049,23.77,4.1,0.354488,0.4110809,1.4068024,0.4199448,2.3780464,62.332,21.449,5.2,0.3848386,0.3936928,1.3956753,0.5625382,2.7934289,0,0,0,0,0,1
1248,58.492,21.16,2.2,0.2797559,0.3998988,1.6696421,0.4565444,3.5943995,55.925,20.978,3.1,0.2966347,0.5004208,2.3121239,0.4516089,3.4658218,0,0,0,0,0,1
1344,58.368,21.111,6,0.3077933,0.3176454,1.1115292,0.6198458,3.1042239,61.853,18.139,5.1,0.1979369,0.3497057,1.9602739,0.7046915,5.5032566,0,0,0,0,0,1
1416,64.324,21.317,4.1,0.3159931,0.410389,1.5391181,0.5540871,3.4108461,49.874,15.236,6.7,0.2605338,0.4532895,1.7943767,0.4326049,3.4096223,0,0,0,0,0,1
1512,51.011,21.445,0.6,0.3957404,0.3818209,1.0349987,0.3281663,1.8643139,52.766,20.331,4.9,0.2793185,0.3475768,1.2739285,0.6131856,3.4515325,0,0,0,0,0,1
1584,59.669,18.274,0.4,0.2599971,0.3830972,1.8796868,0.6420203,3.8538165,57.623,18.229,0.7,0.2225697,0.4617552,1.9934773,0.3678093,3.4074303,0,0,0,0,0,1
1920,59.21,20.782,1.5,0.1945837,0.3446488,1.8607558,0.5631262,4.6304039,57.11,19.438,0,0.1905649,0.4520386,2.7405343,0.6363303,5.7432719,0,0,0,0,0,1
2088,52.482,20.093,2.2,0.2862353,0.3595613,1.2914656,0.6662546,3.4526393,50.551,18.995,4,0.3281726,0.4871396,1.6617783,0.4124119,2.9987545,0,0,0,0,0,1
2184,57.728,20.706,0.8,0.2954114,0.4081733,1.6045646,0.5376229,3.3834622,55.492,19.793,5.9,0.2401058,0.3372995,1.5202531,0.6119393,4.0287947,0,0,0,0,0,1
2256,66.504,21.942,3.5,0.2684877,0.3863613,1.6462104,0.4502028,3.4102339,56.087,18.669,0.3,0.502901,0.3601534,0.7956796,0.5322362,2.0686823,0,0,0,0,0,1
2352,58.209,21.996,7.7,0.2452454,0.5583688,2.7607308,0.4268145,4.1885196,54.929,18.431,4.5,0.3099142,0.3273583,1.2604877,0.5735711,3.0148575,0,0,0,0,0,1
2424,72.522,22.568,0.7,0.5047455,0.3052389,0.6386488,0.4754513,1.5893241,58.234,20.065,0.3,0.3430549,0.270771,0.7711687,0.6810294,2.5152002,0,0,0,0,0,1
2592,80.2,22.757,4,0.3487347,0.2914505,1.0015444,0.5535257,2.6258663,78.854,21.251,3.6,0.3946091,0.3936907,1.2371541,0.3792901,1.9361301,0,0,0,0,0,1
2688,82.27,21.581,3.4,0.2766166,0.3772702,1.4406556,0.572109,3.3813975,70.621,16.181,1.5,0.242917,0.3046573,1.4464527,0.7006878,4.0428216,0,0,0,0,0,1
2760,77.559,20.197,5.4,0.3423048,0.4020593,1.3859646,0.421354,2.6719894,72.216,18.101,3.2,0.3243175,0.3904035,1.3677417,0.4790621,2.8802064,0,0,0,0,0,1
2928,74.261,18.791,1.6,0.3248136,0.3101881,0.9400369,0.5882403,2.8302195,85.533,19.798,1.9,0.4134528,0.3215388,0.8353815,0.5541773,2.4888787,0,0,0,0,0,1
3096,63.978,17.564,1.5,0.2113766,0.5086054,2.8172728,0.3569575,4.1769951,57.969,20.537,1.6,0.2676759,0.4336303,1.7956511,0.4559308,2.8717594,0,0,0,0,0,1
3192,61.6,18.52,1.3,0.2197068,0.4940997,2.3745495,0.4546364,4.7421911,59.945,17.565,0.3,0.2836572,0.3799346,2.4565237,0.5420942,3.8951042,0,0,0,0,0,1
3264,70.367,15.323,3.2,0.3617629,0.3942109,1.3861799,0.4438955,2.681566,70.002,20.986,2.9,0.5151587,0.304227,0.639319,0.4905739,1.5905968,0,0,0,0,0,1
3432,70.845,19.06,5.2,0.1866616,0.2819783,1.5970589,0.6912968,4.1944841,73.941,19.932,3.7,0.176104,0.403134,2.7115984,0.5684702,6.2638399,0,0,0,0,0,1
3528,54.795,19.917,0,0.4555326,0.3402363,0.799865,0.4292789,1.7864854,54.467,18.948,1.8,0.2554517,0.4329541,1.7089079,0.4962588,3.1302865,0,0,0,0,0,1
0,78.248,20.771,17.8,0.2439684,0.42225,1.6733957,0.5327714,3.8631337,78.067,17.343,14,0.296492,0.5286097,1.8640357,0.2929697,2.6187173,0,0,0,0,0,1
48,78.023,20.225,13.7,0.6352492,0.2776529,0.481725,0.2062444,0.8558072,76.609,21.171,7.3,0.5629965,0.2354199,0.4590195,0.3681706,1.1217476,0,0,0,0,0,1
96,80.669,20.418,14,0.4483948,0.4518647,1.5383661,0.2001507,1.639414,78.64,16.98,5.9,0.4481304,0.3747066,0.8099392,0.3423583,1.6087711,0,0,0,0,0,1
168,80.076,22.252,10,0.486359,0.3118817,0.7253517,0.4240324,1.5885603,60.942,20.384,0.3,0.6122055,0.2305057,0.4178584,0.419541,1.1716357,0,0,0,0,0,1
216,80.957,19.545,11.4,0.4055425,0.3889624,1.0312546,0.4736038,2.1141394,82.788,21.927,8.1,0.5362934,0.3682643,0.8611023,0.2826243,1.477161,0,0,0,0,0,1
264,81.306,25.271,17.6,0.3185141,0.4820459,2.0594442,0.3232127,2.5356237,78.226,20.304,13.1,0.3525058,0.3642242,0.9822091,0.2699573,1.6228097,0,0,0,0,0,1
336,74.561,20.788,11.9,0.3639701,0.3935067,1.1141069,0.4422907,2.2752285,74.409,18.941,11.6,0.4302855,0.4329141,1.0729554,0.2162858,1.5419038,0,0,0,0,0,1
384,81.002,18.255,12.8,0.3451015,0.4603379,1.3721426,0.226334,2.018747,80.737,17.754,3.8,0.4751507,0.4109015,0.8973688,0.3430174,1.6913407,0,0,0,0,0,1
432,79.275,20.495,9.4,0.5023417,0.3056873,0.6601049,0.2923023,1.2009313,84.03,18.985,7.3,0.3016597,0.4208851,1.4810706,0.3471132,2.6337831,0,0,0,0,0,1
504,74.054,19.94,5.2,0.3747223,0.4336945,1.4798013,0.2665434,1.919052,73.395,19.364,3.5,0.4955719,0.4038683,0.9551238,0.3369283,1.6462938,0,0,0,0,0,1
672,74.324,22.862,13.3,0.4123123,0.4181205,1.4468074,0.2770724,2.018988,69.128,23.038,17,0.3524782,0.4751336,1.4463459,0.2661158,2.063181,0,0,0,0,0,1
720,77.165,24.25,14.1,0.2997748,0.5297202,1.7773883,0.2846319,2.3494133,77.269,18.799,7.3,0.3538004,0.4853464,1.4408432,0.2308151,2.1165855,0,0,0,0,0,1
840,76.616,22.536,9.2,0.3417906,0.3891683,1.2821775,0.524196,2.4427216,80.679,19.47,6.4,0.5351683,0.2995846,0.6537297,0.2938506,1.196751,0,0,0,0,0,1
936,84.172,25.041,18.6,0.5262912,0.3558469,0.8155535,0.1788544,1.2196214,85.131,21.094,10.5,0.4046029,0.4110144,1.2061885,0.3424637,1.8633176,0,0,0,0,0,1
1008,83.38,26.271,12.1,0.4161923,0.389106,0.9691346,0.1809274,1.4779949,76.992,20.408,10.8,0.5305844,0.3820418,0.8217172,0.3217189,1.3717261,0,0,0,0,0,1
1056,79.846,25.903,0.7,0.6351019,0.3408635,0.6433909,0.1300195,0.7034987,80.738,19.102,17.2,0.4571217,0.4230732,0.9777128,0.275568,1.638471,0,0,0,0,0,1
1176,82.48,20.044,4.8,0.62847,0.2625176,0.4421201,0.1026599,0.627862,90.8,19.615,1.9,0.4484827,0.3874048,0.9828285,0.2215137,1.6211535,0,0,0,0,0,1
1224,70.752,22.112,12.6,0.4571307,0.3672357,0.9133505,0.4319105,1.849168,81.309,18.117,3.2,0.2558103,0.4360645,1.8807572,0.4493543,3.3511568,0,0,0,0,0,1
1272,68.795,19.728,7.3,0.3839079,0.4507233,1.338627,0.2226367,1.816982,68.822,17.327,8.6,0.4428644,0.3926678,0.9393804,0.2190695,1.4623603,0,0,0,0,0,1
1512,76.731,25.159,7.1,0.5689111,0.3673373,1.09598,0.1520252,1.3142988,79.085,24.258,10.8,0.3932991,0.4385647,1.2952109,0.2101676,1.7555083,0,0,0,0,0,1
0,92.295,12.864,2.7,0.1543214,0.3530622,2.3335183,0.6682266,5.6405815,70.791,18.691,11.3,0.2963637,0.3393948,1.2167769,0.6319155,3.3306379,0,0,0,0,0,1
96,106.895,15.705,6.6,0.3135487,0.4035365,1.7724293,0.4890413,3.5588956,55.787,17.895,9.6,0.4819225,0.338708,0.7988625,0.3572343,1.4149596,0,0,0,0,0,1
168,97.385,23.642,2.9,0.2009432,0.394601,2.4358474,0.5703862,5.026886,75.577,20.586,5.5,0.476311,0.3683019,0.9571248,0.3797528,1.7756614,0,0,0,0,0,1
216,89.137,18.354,2.4,0.2624957,0.369133,1.5349077,0.4996528,3.4611843,73.434,19.776,2.2,0.3880039,0.4259261,1.2581267,0.3390375,1.9772752,0,0,0,0,0,1
264,94.032,16.238,0.6,0.6118491,0.2690278,0.4774391,0.144535,0.721643,65.41,21.565,1.3,0.2221511,0.40911,2.0260519,0.5948407,4.9959548,0,0,0,0,0,1
336,96.038,24.702,4.1,0.2332786,0.3374753,1.8400545,0.6572769,4.2567937,74.693,21.56,0.9,0.4250257,0.3320566,0.857588,0.4847079,2.0013834,0,0,0,0,0,1
384,98.236,20.21,3.8,0.1579569,0.4576119,2.9837024,0.4615083,5.6798913,70.425,22.493,5.5,0.3174392,0.4103856,1.3671748,0.4414201,2.82996,0,0,0,0,0,1
440,98.998,17.936,0,0.1455417,0.2922699,2.1267151,0.665989,6.5583324,96.909,11.791,0.5,0.2571572,0.5391434,2.0856519,0.384502,3.1272837,0,0,0,0,0,1
432,97.948,14.139,2.1,0.5145817,0.438912,0.9320865,0.1591654,1.2797121,51.935,14.201,8.5,0.5688358,0.4003626,0.8537216,0.1432969,1.1047039,0,0,0,0,0,1
504,97.167,23.253,1.6,0.3416004,0.4585622,1.6056194,0.4191784,2.8922773,94.088,16.905,1.1,0.3456368,0.2900634,0.9441086,0.5588886,2.856276,0,0,0,0,0,1
672,91.278,17.715,2.2,0.2309525,0.4757555,2.015144,0.4742897,3.4246564,92.774,22.162,8.4,0.2174307,0.5204485,2.5509761,0.3345006,4.067914,0,0,0,0,0,1
720,88.167,15.31,0.6,0.360726,0.3974744,1.2149001,0.5262854,2.8992117,89.631,14.939,1.7,0.528726,0.3595864,0.6875261,0.3555573,1.4553881,0,0,0,0,0,1
768,96.469,15.676,0.3,0.5093433,0.3767049,0.8229278,0.2449585,1.3353793,96.948,20.218,1.5,0.3337304,0.5151955,1.8103312,0.3836752,2.8627649,0,0,0,0,0,1
840,94.699,19.517,1.1,0.6002781,0.3399407,0.7350327,0.1766293,0.8402463,94.527,18.56,3.1,0.3353727,0.3769686,1.4464494,0.4977713,2.819891,0,0,0,0,0,1
1008,93.004,16.868,0.7,0.2427261,0.3946272,1.8576941,0.4958361,4.0676179,93.313,22.893,2.5,0.3285713,0.3935578,1.3048489,0.4859042,2.7253699,0,0,0,0,0,1
1176,92.203,20.201,2.9,0.7598041,0.2599585,0.4156145,0.1300696,0.6149284,91.706,19.022,2.8,0.6742317,0.3030119,0.5597568,0.2741101,1.0291752,0,0,0,0,0,1
1224,97.843,21.926,5,0.2746322,0.4771879,2.1455414,0.4307297,3.6031488,91.601,23.653,4.1,0.2645793,0.4445542,1.7954412,0.517165,4.1096394,0,0,0,0,0,1
1392,98.339,24.835,2.6,0.2237108,0.5664173,2.5889908,0.3439326,4.0950463,98.085,26.187,6.9,0.263375,0.4067377,2.0509419,0.4401155,3.6913345,0,0,0,0,0,1
1440,102.396,28.773,3.9,0.4040879,0.4566842,1.3061603,0.2667164,1.8023572,101.907,15.989,1,0.3778937,0.4995867,1.4426569,0.3443674,2.3163475,0,0,0,0,0,1
1944,94.351,29.505,4.6,0.2583075,0.4273806,1.800086,0.3910371,3.7354044,94.726,25.931,4.3,0.2623908,0.3658007,2.2846961,0.5380397,4.1355388,0,0,0,0,0,1
2016,92.437,16.404,2.2,0.4180341,0.3976855,1.1807534,0.4510943,2.0610691,90.954,20.673,2.4,0.4615991,0.3612504,0.9504468,0.3606977,1.8487904,0,0,0,0,0,1
2448,97.674,25.706,4,0.6034385,0.3469354,0.6207455,0.1985249,0.8546407,100.304,23.653,8.6,0.4907852,0.4788363,1.1620335,0.1788408,1.295372,0,0,0,0,0,1
2952,99.668,24.974,2.8,0.428696,0.4690655,1.0700544,0.1649371,1.3755782,108.608,18.405,2.5,0.3955695,0.4674894,1.5963472,0.1731178,1.733906,0,0,0,0,0,1
3240,92.946,25.53,3.5,0.4653319,0.5050968,1.3543081,0.2072007,1.6751811,92.406,19.522,0.6,0.426387,0.4322344,1.1595534,0.3421408,1.903443,0,0,0,0,0,1
3360,93.354,18.463,2.1,0.4723797,0.3709307,1.4889295,0.3178236,1.9021115,95.884,17.054,0.2,0.795622,0.1795523,0.2299844,0.0852216,0.3403559,0,0,0,0,0,1
0,70.024,13.563,5.4,0.5076085,0.3344841,0.6775563,0.2781642,1.2259162,59.862,13.457,2.5,0.3401726,0.3646948,1.3111352,0.4103538,2.5731456,0,0,0,0,0,1
48,71.367,15.82,5.2,0.4466534,0.3603697,0.8362531,0.3126264,1.6191313,70.826,16.525,3,0.4965021,0.346997,0.8336659,0.4230636,1.6361702,0,0,0,0,0,1
168,66.698,12.465,12.1,0.2832941,0.4848993,1.8119321,0.4013387,3.0198725,59.442,15.412,11.1,0.419948,0.4631274,1.2896227,0.2504876,2.000304,0,0,0,0,0,1
216,68.26,15.741,8.5,0.3096902,0.3831757,1.3573192,0.4494866,2.8117646,71.218,16.378,13.4,0.3354437,0.471421,1.5790355,0.3135464,2.4719971,0,0,0,0,0,1
264,69.371,11.28,10.4,0.5401272,0.4022271,0.8794533,0.1933805,1.1436576,65.203,17.386,4.8,0.398584,0.3771205,0.999132,0.4784255,2.1297424,0,0,0,0,0,1
391,58.89,13.147,2.9,0.6238737,0.4202279,0.8065613,0.1582049,1.0525781,60.171,10.912,0,0.6229873,0.1936371,0.304634,0.2664179,0.7463113,0,0,0,0,0,1
384,56.889,11.751,1.4,0.4169534,0.3937707,1.0418984,0.3334471,1.7219153,58.588,14.454,10,0.5073677,0.2525821,0.6699411,0.4748311,1.4539015,0,0,0,0,0,1
432,71.582,12.096,8.1,0.4265956,0.3678427,0.9736542,0.3405471,1.8874161,57.471,16.822,7,0.3890956,0.3910728,1.0671582,0.3380528,2.0519457,0,0,0,0,0,1
504,71.96,13.595,5.8,0.3236657,0.4282287,1.6810652,0.4756874,3.0722409,61.848,17.267,5,0.3745601,0.4524859,1.2085393,0.29437,2.0096659,0,0,0,0,0,1
672,63.953,13.393,4.3,0.3722368,0.369715,1.4357837,0.456956,2.4097757,65.927,12.453,11.5,0.3165167,0.4367302,1.3979167,0.4801117,2.9057846,0,0,0,0,0,1
720,63.167,11.28,12.3,0.4737722,0.3715548,0.8281761,0.3485581,1.5021565,65.081,12.051,14.8,0.3912929,0.4762593,1.6587698,0.3452125,2.2332662,0,0,0,0,0,1
768,59.559,11.079,0,0.3973251,0.3651425,1.0696883,0.4026122,2.1480034,62.54,11.375,7.3,0.4817683,0.3559759,0.7466481,0.2643942,1.2347952,0,0,0,0,0,1
888,70.355,11.462,3.5,0.4508337,0.3257283,0.8229194,0.474439,1.8447618,74.761,12.185,11.7,0.2990991,0.3867601,1.6343143,0.6374271,4.0987886,0,0,0,0,0,1
1224,63.074,10.317,2.5,0.3307121,0.3731368,1.2162813,0.3753045,2.3893799,74.419,11.747,5,0.4542006,0.5356359,1.3810173,0.1564531,1.6427802,0,0,0,0,0,1
1272,70.156,10.367,2.8,0.5362188,0.2883026,0.5505455,0.3910613,1.3004436,64.279,13.136,0,0.5127731,0.3320926,0.6761276,0.286297,1.2496678,0,0,0,0,0,1
1440,69.476,14.346,2.2,0.5656893,0.32256,0.6586998,0.3479762,1.2935948,71.517,14.02,4.5,0.369111,0.3914363,1.2525306,0.4485795,2.4568724,0,0,0,0,0,1
1512,75.547,14.819,3.9,0.6616541,0.2659177,0.4068558,0.215363,0.722715,77.499,16.044,7.6,0.511126,0.394204,0.9177059,0.2511513,1.2320436,0,0,0,0,0,1
2112,74.381,11.908,2.2,0.4755389,0.470138,1.2856622,0.3335267,1.9354995,73.32,13.794,1.7,0.4316237,0.3522405,0.9966675,0.4034656,1.9189678,0,0,0,0,0,1
2280,72.205,13.016,1.3,0.4522154,0.3371896,0.8964203,0.5112198,2.0999282,70.004,13.206,0.3,0.4851314,0.3556634,0.7817432,0.3061797,1.4675386,0,0,0,0,0,1
2448,69.548,14.691,7.2,0.3953081,0.4077902,1.2064359,0.4296914,2.3592586,66.687,15.213,1.6,0.5033873,0.342396,0.6973124,0.3863429,1.4853945,0,0,0,0,0,1
2784,59.417,11.128,4.1,0.3886691,0.3568729,1.0294051,0.5453395,2.5016727,64.797,9.783,1.1,0.4185023,0.3957866,1.0083562,0.2886301,1.7326256,0,0,0,0,0,1
3624,78.055,15.596,2.8,0.4142769,0.4673585,2.1562179,0.5082773,2.2884721,73.463,13.986,2.3,0.4218727,0.396657,1.0362338,0.249579,1.5905708,0,0,0,0,0,1
0,66.682,18.962,4.8,0.3380883,0.5290932,2.4501292,0.2927067,2.86886,75.579,25.863,10.7,0.316414,0.4272279,1.6403668,0.4611549,3.0179115,0,0,0,0,0,1
48,74.383,22.956,2,0.6052047,0.333307,0.5832834,0.0956023,0.6772433,65.103,13.841,3.3,0.2788247,0.3664265,1.4381356,0.571432,3.5081256,0,0,0,0,0,1
96,62.318,13.052,1.2,0.4742662,0.3191952,0.8427153,0.3852983,1.8107345,63.377,14.72,1.5,0.3427424,0.4637898,1.5238791,0.3296962,2.1656399,0,0,0,0,0,1
216,62.331,14.77,2.5,0.3757797,0.3905845,1.4744665,0.5291752,3.2793566,56.313,27.666,1.4,0.5801784,0.2647234,0.5369135,0.4500218,1.2478217,0,0,0,0,0,1
264,67.687,12.481,0.2,0.5723697,0.3859645,0.7596386,0.1036262,0.8652459,59.21,29.139,4.5,0.4709897,0.3086905,0.8706815,0.4160932,1.5545528,0,0,0,0,0,1
384,56.908,14.159,3.2,0.4407283,0.4390062,1.1332558,0.4099862,1.9923366,61.589,21.149,0.9,0.3693808,0.3325549,0.9061204,0.4100891,1.8370897,0,0,0,0,0,1
432,71.121,15.011,2.9,0.7440752,0.2235547,0.3169567,0.1058353,0.5208962,68.769,23.487,1,0.3401979,0.444466,1.4727678,0.4476945,2.5421394,0,0,0,0,0,1
504,60.731,9.663,2.2,0.5689518,0.3747337,1.0443005,0.1654399,1.0757905,71.858,21.204,12,0.2753226,0.4370854,2.0787285,0.4958039,3.4369445,0,0,0,0,0,1
600,74.392,12.365,0,0.7699069,0.2139386,0.3749753,0.1439725,0.5503477,74.505,12.363,1.7,0.2897992,0.4653926,2.1374198,0.327267,2.9198849,0,0,0,0,0,1
672,70.726,12.52,6.2,0.5147674,0.3411533,0.9309255,0.2366478,1.1739994,69.87,17.586,2.6,0.2116064,0.421866,2.5748072,0.5974883,5.5397566,0,0,0,0,0,1
720,63.899,13.231,0,0.7720344,0.1986318,0.2743124,0.0618759,0.3723383,64.348,12.937,0,0.8870115,0.1173378,0.1342094,0.0201316,0.1585982,0,0,0,0,0,1
768,59.26,13.422,1.7,0.2373565,0.3717125,1.937011,0.5198252,3.5425989,63.425,16.056,3.8,0.4129093,0.4901181,2.5625294,0.4567511,3.4244,0,0,0,0,0,1
840,71.637,13.024,0,0.7244149,0.2031329,0.3063146,0.2987754,0.7374073,73.36,11.712,1,0.6407172,0.2806178,0.440821,0.090459,0.6102292,0,0,0,0,0,1
936,67.107,15.114,5.7,0.3700281,0.4999548,1.5074369,0.3351339,2.290455,64.761,13.122,1.6,0.3426546,0.3792472,1.9664895,0.4201203,2.6360238,0,0,0,0,0,1
1104,68.318,15.475,8.2,0.3612002,0.4160984,1.5417744,0.3095485,2.2809345,64.522,13.915,9.6,0.4917203,0.4798971,1.1306087,0.3749013,1.8654421,0,0,0,0,0,1
1272,64.452,14.245,7.1,0.2959889,0.4410749,1.7105492,0.4292089,3.1161299,63.809,13.794,5.9,0.2994793,0.375313,1.3591813,0.5274743,3.2632092,0,0,0,0,0,1
1512,65.991,12.523,0,0.4420205,0.35362,0.8757805,0.4570757,1.9312412,64.209,13.646,3.5,0.3755184,0.3442354,0.9024864,0.529786,2.1876976,0,0,0,0,0,1
1680,75.484,13.593,0,0.7359169,0.2480313,0.3622513,0.0922938,0.4925776,75.642,13.503,0,0.612672,0.2933801,0.8361302,0.2340733,1.1464286,0,0,0,0,0,1
2400,69.386,16.314,3.2,0.2974075,0.3963364,1.6708014,0.5015052,3.2360363,72.83,14.255,0.8,0.2982144,0.3865769,1.376016,0.507268,3.0325385,0,0,0,0,0,1
2448,53.04,13.341,1.9,0.3985485,0.3710074,1.1281218,0.4201727,2.2696104,61.622,13.332,2.5,0.2962748,0.49316,2.1941234,0.5247243,4.0660153,0,0,0,0,0,1
2520,63.949,15.442,4.8,0.4534525,0.4850215,1.1460195,0.1024276,1.1887029,62.79,13.054,0.6,0.6570565,0.3055863,0.4731786,0.159811,0.7025991,0,0,0,0,0,1
2616,72.162,14.83,2.3,0.2298571,0.4333289,2.0757529,0.4911485,3.90894,69.594,17.665,2.2,0.1815004,0.3926251,2.0941274,0.5124004,4.7830059,0,0,0,0,0,1
2784,67.757,15.12,0.8,0.195163,0.4935256,2.8783726,0.4407453,4.6648471,72.518,14.978,7.3,0.1943333,0.4105523,2.5140186,0.6089221,6.1513146,0,0,0,0,0,1
2856,61.41,15.238,3,0.6345148,0.2508587,0.4566295,0.3098268,0.9607321,61.462,17.664,4.4,0.6376577,0.3379139,0.5616831,0.127183,0.7182964,0,0,0,0,0,1
3240,72.107,16.406,6,0.3041988,0.3971659,1.3096639,0.436753,2.9038799,68.407,13.822,0.4,0.2707277,0.5279425,1.9965851,0.3028932,2.8661938,0,0,0,0,0,1
3288,70.093,17.283,3.9,0.1954273,0.446602,2.2877188,0.45431,4.0028206,70.474,14.958,1.5,0.2500249,0.4175566,1.9185996,0.5148804,4.0111288,0,0,0,0,0,1
3360,73.438,16.491,1.4,0.1851523,0.3836563,2.0836845,0.5294515,4.4387778,74.029,14.175,8.3,0.3023554,0.3724518,1.4246556,0.5316448,3.3056361,0,0,0,0,0,1
0,79.563,11.499,1.4,0.4462025,0.4324257,1.0972694,0.1941648,1.4881447,91.38,14.09,5.1,0.267483,0.4033291,1.5272077,0.5065266,3.5754261,0,0,0,0,0,1
48,73.52,12.483,0,0.3407564,0.476453,1.4587673,0.2654707,2.2716769,69.591,21.329,7.3,0.6049121,0.2866538,0.5943537,0.3188158,1.1799061,0,0,0,0,0,1
96,90.858,10.434,1.1,0.5496525,0.4274966,0.9578833,0.1575028,1.1082796,90.331,12.242,0.8,0.3166486,0.4162637,1.5786607,0.5113636,3.4159419,0,0,0,0,0,1
168,85.209,14.231,0,0.4489864,0.3228227,0.7036403,0.4209825,1.6248665,97.187,12.243,0,0.2812801,0.4250897,1.4247097,0.4472587,3.2036893,0,0,0,0,0,1
216,92.524,12.484,3.2,0.4480687,0.3415298,0.9567908,0.5110055,2.2244252,92.253,10.98,6.6,0.2326718,0.5091844,2.3289454,0.4668557,4.4257774,0,0,0,0,0,1
264,80.564,14.52,0,0.4122349,0.3558445,0.9828247,0.5042058,2.2953291,87.705,10.724,0,0.4954281,0.4075052,1.1250765,0.2006623,1.4356581,0,0,0,0,0,1
336,84.919,14.83,0,0.4512311,0.3784509,0.9005403,0.4784222,1.9908293,95.288,11.009,2.2,0.4562865,0.3416101,0.9929506,0.3332336,1.772481,0,0,0,0,0,1
384,85.424,15.182,0.5,0.4353196,0.3939291,0.9912339,0.3149883,1.7082416,83.716,14.186,2,0.776927,0.2267531,0.3658622,0.2006305,0.5899739,0,0,0,0,0,1
432,87.755,13.008,0.9,0.3227452,0.403441,1.294678,0.3234263,2.4640029,90.89,11.767,3.2,0.4254269,0.4015616,1.0908871,0.4128525,2.1455547,0,0,0,0,0,1
504,77.336,13.959,1,0.3696448,0.3603487,1.1839906,0.4968748,2.2627734,88.105,12.082,3.8,0.3625197,0.4245225,1.2090893,0.4621023,2.4450436,0,0,0,0,0,1
672,91.208,15.407,0,0.5033966,0.4021949,0.8661215,0.1678456,1.149681,89.264,12.267,2.4,0.3882565,0.4429652,1.3416316,0.4774193,2.4135596,0,0,0,0,0,1
720,77.055,14.5,0,0.2297405,0.3884118,1.6210174,0.5485895,3.9640498,81.6,11.641,2.3,0.3825358,0.3695296,1.0180499,0.451638,2.185349,0,0,0,0,0,1
1056,71.218,11.408,0,0.3567735,0.3787415,1.5301609,0.362942,2.4634005,90.387,12.864,7.5,0.3404147,0.4874468,1.6731001,0.4204045,2.9815449,0,0,0,0,0,1
1224,71.873,12.709,1.9,0.2792737,0.3404157,1.5962465,0.5798489,3.8085348,64.563,11.188,1.5,0.296036,0.4167231,1.6128467,0.5176618,3.5366444,0,0,0,0,0,1
1272,83.298,13.948,0,0.3220967,0.4302263,1.2548056,0.3813773,2.4465875,100.131,9.498,2.4,0.179884,0.3334877,1.7403604,0.6824777,5.2037946,0,0,0,0,0,1
1512,80.489,14.759,2.2,0.3442639,0.2993234,1.0217996,0.6812938,3.5195111,89.414,15.755,3.8,0.2414363,0.2540275,1.11309,0.6923998,4.2712457,0,0,0,0,0,1
0,78.995,20.705,11.7,0.24865,0.4804801,2.6529329,0.3612014,4.0822821,58.404,13.778,2.4,0.4931323,0.3937631,0.8217454,0.2350656,1.2064153,0,0,0,0,0,1
1608,72.901,27.522,15,0.4626758,0.3285809,0.8387941,0.4866484,1.8749057,69.622,19.611,12.5,0.3699033,0.3874023,1.1540293,0.3230325,2.0042229,0,0,0,0,1,0
168,98.552,21.96,13.1,0.2308758,0.5074653,2.9299575,0.4485632,5.0504967,96.602,27.033,3.2,0.2222451,0.4148614,2.0027027,0.4655855,3.8619174,0,1,0,0,0,0
264,74.86,21.45,8,0.411467,0.4549479,1.1359655,0.3723854,1.9412089,97.241,18.056,8,0.2108208,0.5129006,2.8420427,0.4083298,4.3538098,0,0,0,1,0,0
441,78.71,20.641,4.1,0.466494,0.3452451,0.9475667,0.469632,1.7580447,78.805,19.189,3.7,0.3785387,0.4449316,1.2883239,0.2899359,1.8558253,0,0,0,1,0,0
432,90.497,22.793,9,0.2915422,0.4779758,1.7844738,0.3643472,3.1275824,105.544,21.223,5.5,0.3258131,0.4374409,1.913669,0.374423,3.3687556,0,0,0,1,0,0
744,81.342,16.325,2.1,0.413681,0.4873844,1.328956,0.2924483,2.0436175,81.417,19.449,6.8,0.3424219,0.4432312,1.8359511,0.4881435,2.9013825,0,0,0,0,1,0
2592,72.813,15.77,0.6,0.2963154,0.3483363,1.2116626,0.5553323,2.8092326,74.076,13.414,1.1,0.4796031,0.3367825,1.1295396,0.3154495,1.5333121,0,0,0,0,1,0
672,62.614,16.873,10,0.2376042,0.3926682,1.5742806,0.4217409,3.0712559,61.658,16.926,9.8,0.3895667,0.4110984,1.3265564,0.3244443,2.0198209,0,0,0,0,1,0
1896,68.538,20.123,6.6,0.406035,0.3587464,1.1870956,0.5505428,2.4792865,66.787,18.881,2.2,0.5809744,0.4083722,0.7478341,0.1319375,0.8953204,0,0,0,0,1,0
2448,63.833,17.497,6.8,0.4691231,0.3725044,0.9424876,0.28175,1.611698,62.795,17.954,6.3,0.4094474,0.4594823,1.2249226,0.2009288,1.7257755,0,1,0,0,0,0
2952,69.789,18.333,3.6,0.3955319,0.4664747,1.6806688,0.333631,2.3854224,67.917,16.167,0,0.3791939,0.4178961,1.1666717,0.3506214,2.0133715,0,0,0,1,1,0
2256,68.255,19.214,0.8,0.3671191,0.3292894,1.0714956,0.5826899,2.6777847,71.278,18.635,2,0.4495544,0.3971987,1.03559,0.3564678,1.7997898,0,0,0,1,0,0
2760,82.089,17.759,0.8,0.4180418,0.4079288,1.0274655,0.5224729,2.2738168,92.67,23.466,0.9,0.1897328,0.3853824,1.8564093,0.516716,4.2152561,1,0,0,1,0,0
504,84.861,19.298,4.5,0.3038321,0.6002221,2.4750799,0.2372609,3.1783156,86.108,21.187,15.1,0.3978501,0.3634321,1.1681495,0.5189336,2.3740853,0,1,0,0,1,0
1608,79.297,19.098,6.1,0.1760327,0.5332231,3.3478022,0.2803322,4.4457037,74.396,18.532,6.8,0.1788852,0.4520108,2.901183,0.5091747,5.9476492,0,1,0,0,1,0
1608,85.092,25.155,14.8,0.4568632,0.3805707,0.8572055,0.2760777,1.4915794,76.865,22.964,7.5,0.4398862,0.3654168,0.8864551,0.437631,1.9580498,1,0,1,0,0,0
2112,96.83,19.668,2.4,0.2577429,0.4996864,2.5456101,0.4340528,3.8616329,97.463,17.488,1.3,0.2863906,0.4834077,2.2346533,0.4321276,4.1442456,0,0,0,0,1,0
840,65.151,10.79,9.8,0.4616483,0.3620184,0.8294005,0.4020371,1.7264745,66.568,11.27,14.6,0.507697,0.4508499,1.0562861,0.2127402,1.4828386,0,1,0,0,0,0
1608,68.426,14.581,2,0.604953,0.3028329,0.5949253,0.3031318,1.0965451,68.629,12.355,8,0.4222042,0.4618056,1.2642231,0.2597287,1.9098246,0,0,0,1,0,0
2952,58.901,10.221,2,0.3878909,0.4678403,1.4144952,0.3281798,2.0771067,60.674,10.656,0,0.4125887,0.4354555,1.2170016,0.2494259,1.8930494,0,1,0,0,0,0
3240,74.573,14.317,1.1,0.5659414,0.2973626,0.5419758,0.2798419,1.0873706,74.233,12.374,3.5,0.3931732,0.3330312,0.9902194,0.3895436,2.0114489,0,0,0,1,0,0
1104,90.341,14.125,6.6,0.348492,0.3959428,1.2744847,0.4687203,2.6891757,100.173,11.876,9.1,0.2899328,0.515147,3.0864452,0.3858099,4.316363,0,0,0,0,1,0
72,86.151,15.415,5.6,0.2999839,0.2839064,0.9349926,0.6269272,3.0641278,58.559,21.734,0,0.3297996,0.4656789,1.6621251,0.3330091,2.6655644,0,0,0,0,1,0
2016,85.328,20.383,15.3,0.2693907,0.477086,1.8176987,0.3731232,3.3293898,86.449,20.912,17.5,0.2374315,0.4389084,1.8714173,0.48421,3.8297512,0,1,0,0,0,0
768,73.956,17.483,1.6,0.694563,0.2511817,0.3680222,0.1497586,0.5645734,76.658,22.157,0.2,0.6343466,0.2777254,0.4310088,0.0893521,0.5211587,0,1,0,0,0,0
2688,65.561,12.001,0.9,0.5103522,0.3475697,0.7258616,0.3626844,1.4592673,64.798,12.332,2.7,0.431781,0.4637874,1.247575,0.2449259,1.727504,0,0,0,0,1,0
1680,83.405,17.901,1.1,0.4137688,0.3727799,0.8871553,0.4374849,1.8460982,77.366,18.177,1.8,0.5432514,0.3241997,0.642211,0.3165759,1.1908808,0,1,0,0,0,0
840,80.047,15.528,1.9,0.336039,0.2861263,0.8863766,0.4812222,2.3733495,75.892,15.261,9.8,0.3473788,0.481766,1.4705378,0.3023875,2.394839,0,1,0,0,0,0
3240,93.813,15.351,0.4,0.3125497,0.5062318,1.7526762,0.3679138,2.525283,87.144,14.633,1,0.4486652,0.458343,1.3168739,0.207848,1.8765107,0,0,1,0,0,0
912,78.65,15.77,1.1,0.4345591,0.3425395,0.8329065,0.3760683,1.6537344,75.877,16.11,11.2,0.334977,0.4209265,1.3209476,0.4303544,2.4271247,0,1,0,0,0,0
0,75.142,14.086,1.1,0.6956579,0.2784774,0.4816034,0.2030926,0.769511,85.671,17.222,2,0.5290335,0.2975342,0.5747101,0.374202,1.350522,0,1,0,0,0,0
1608,64.054,12.746,0.4,0.579201,0.3911383,0.7411828,0.1675337,1.0168843,81.36,16.589,6,0.5233675,0.4413014,1.0521815,0.2112293,1.4736405,0,0,0,0,1,0
1776,77.699,15.512,3.7,0.6366163,0.1962554,0.3422243,0.2839457,0.8406359,76.223,15.794,7.6,0.5701813,0.3571398,0.6196457,0.0966467,0.7874785,0,0,0,0,1,0
2784,46.175,17.298,4.1,0.3562694,0.367994,1.1030723,0.3489771,1.8340448,45.846,20.791,2.7,0.4012493,0.3493434,1.133579,0.4502615,2.2665455,0,0,0,1,0,0
3528,110.351,16.119,0.3,0.263575,0.419115,2.3436491,0.4958932,4.1960764,110.642,17.365,4.7,0.2085839,0.3943639,2.0897525,0.5845489,4.9759098,0,0,0,1,0,0
1272,72.268,16.189,9.5,0.3782626,0.4238704,1.2265627,0.4094876,2.4401123,82.358,11.934,4.4,0.194954,0.5819368,2.9283658,0.3037412,4.6707337,0,0,1,0,0,0
1776,64.509,13.23,3.5,0.2809735,0.392563,1.3755005,0.3898589,2.5751778,61.719,14.142,0.6,0.4824408,0.3674097,0.8544692,0.2734428,1.3405996,0,0,1,0,0,0
2520,67.77,16.812,1.5,0.6961093,0.1870002,0.2931875,0.2257131,0.6173039,70.689,18.084,4.9,0.4310076,0.3635775,0.860249,0.3256391,1.7494058,0,1,0,0,0,0
888,58.799,19.278,4.4,0.3668596,0.4066426,1.1637803,0.3156782,2.0108073,58.227,20.327,5,0.2655627,0.3620448,1.5308476,0.5661705,3.6291051,0,0,0,1,0,0
1608,62.498,19.065,5.8,0.3260949,0.3041153,1.0108488,0.6155924,2.8384457,64.355,18.909,3.2,0.2932607,0.2725984,1.0005909,0.7018752,3.475797,0,0,0,0,1,0
1608,71.298,15.898,10.6,0.3636764,0.4618119,1.5222178,0.255979,1.889285,72.098,16.694,9.6,0.4451899,0.363454,0.8284978,0.3500782,1.6099108,0,0,0,0,1,0
2208,76.505,18.286,0,0.5191066,0.3791698,0.7931802,0.3607583,1.4491182,78.033,18.551,0.5,0.6222441,0.3256784,0.6111142,0.1898292,0.9408625,0,0,1,0,0,0
384,72.464,11.67,0.4,0.6647288,0.2274165,0.370426,0.2488523,0.748745,69.947,10.853,0,0.5574931,0.3316207,0.628925,0.1843352,0.8630309,0,0,0,0,1,0
3528,80.97,19.052,10.9,0.4171499,0.4123741,1.0701885,0.3010271,1.8303072,78.073,17.978,2.6,0.3787412,0.4403661,1.3206783,0.3898705,2.2656812,0,0,0,0,1,0
2232,68.263,12.429,4.4,0.4925427,0.2831927,1.2320501,0.4122519,1.8439405,69.103,12.318,0.7,0.5177837,0.4226487,0.8915595,0.2027063,1.211552,0,0,0,0,1,0
96,60.951,18.576,0.8,0.6085981,0.2581496,0.4534215,0.2965464,1.0589786,69.82,13.62,4.5,0.5148525,0.4155962,0.912885,0.2338963,1.1536552,0,1,1,0,0,0
552,60.132,16.434,1.1,0.5899959,0.3728824,0.7112589,0.185707,1.0402712,61.468,18.266,7.2,0.3702409,0.4106994,1.27952,0.5232756,2.743069,0,1,0,0,0,0
768,65.927,18.241,1.3,0.2543594,0.5287593,2.3878054,0.5065291,4.770325,65.19,16.067,0.6,0.3477827,0.2732122,0.8327886,0.7175815,3.0818633,0,0,0,1,0,0
1104,75.057,15.862,1,0.5652237,0.3130376,0.6183433,0.3654605,1.514651,87.297,19.043,4.3,0.3097275,0.4373805,1.6429728,0.4744275,2.9667523,0,0,1,0,0,0
1440,68.018,17.764,0.8,0.393383,0.3998298,1.0791316,0.4298056,2.0482663,66.713,17.042,1.4,0.4203121,0.3678535,1.1753508,0.4258142,1.8193322,0,1,0,0,0,0
1944,71.383,16.354,0,0.3559031,0.400141,1.4723442,0.4676642,2.6110282,71.614,18.026,1.6,0.4803529,0.3741661,1.0220265,0.4330865,1.9195562,0,1,0,0,0,0
0,94.871,20.254,6.1,0.3056184,0.4710484,2.8160465,0.3980041,4.6639392,91.079,18.062,7.3,0.1936936,0.3495502,1.809017,0.6159592,4.5964251,0,0,0,0,1,0
3360,80.671,20.373,0,0.7004013,0.2074032,0.2944208,0.1591235,0.4686805,79.019,17.952,0,0.6342037,0.2446403,0.4145997,0.2459569,0.7922256,1,0,0,0,0,0
2904,79.872,16.325,1.7,0.4471907,0.4205852,1.0190649,0.3094229,1.6466831,79.632,16.801,4.5,0.5332238,0.3122083,0.586958,0.3590666,1.1885136,0,0,1,0,0,0
3120,79.806,17.68,1.1,0.7448022,0.2320939,0.3319618,0.0495204,0.3812086,81.043,17.205,4.4,0.3551312,0.5378932,1.5901914,0.1714132,1.9805685,1,0,1,0,0,0
0,89.163,26.304,1.4,0.3270553,0.3780438,1.6118677,0.5237523,3.3731501,61.769,15.779,1.8,0.527173,0.3734189,0.749655,0.2248929,1.1001704,0,0,0,1,0,0
2256,73.008,20.058,4.3,0.4024694,0.4224041,1.2085377,0.430579,2.361638,85.579,14.244,14.6,0.3025042,0.4053332,1.5244619,0.454248,3.4053988,0,1,0,1,0,0
3360,82.615,21.556,6.5,0.1706322,0.42723,2.6369895,0.4943766,5.1777986,76.534,23.474,5.1,0.1702861,0.3589772,2.1853712,0.6018626,5.052582,0,0,0,1,0,0
96,63.881,17.926,7.8,0.337845,0.4150467,1.2743602,0.40372,2.2463075,56.422,16.886,0,0.1887412,0.3695489,2.0918223,0.6024361,4.6323822,0,0,0,0,1,0
343,73.599,27.346,4.5,0.4350013,0.3639503,1.1835532,0.490157,2.5694147,62.659,17.503,0,0.7615844,0.1887244,0.2514746,0.0802492,0.359069,0,0,0,0,1,0
336,62.717,17.857,3.4,0.6355339,0.2389653,0.4066792,0.2651084,0.832595,63.168,18.755,7.6,0.5296429,0.3570827,0.7919927,0.3406473,1.3503228,0,0,0,0,1,0
2232,59.384,18.014,2.9,0.6806474,0.2606195,0.4208469,0.1676769,0.6906676,56.586,18.108,0.9,0.6309855,0.2969919,0.5366049,0.1577744,0.7555106,0,1,0,0,0,0
3264,60.975,14.393,0,0.307105,0.5753993,1.968602,0.1583865,2.1946167,62.583,15.571,0,0.4294116,0.3245866,0.6985853,0.3866701,1.5074659,0,0,0,1,0,0
1440,69.424,15.386,5.6,0.5029095,0.3543289,1.0590397,0.2523395,1.5431495,66.492,14.8,10,0.3350313,0.4375673,1.3896535,0.3067967,2.1901522,0,1,0,0,0,0
2280,67.546,14.386,4.4,0.4146671,0.3672938,1.1546343,0.4664493,2.5154588,64.757,12.223,3.9,0.4017735,0.3482535,1.0480221,0.4366617,2.0824954,0,0,0,0,1,0
3120,78.023,13.581,6.3,0.3520448,0.3737361,1.3880825,0.5074343,2.9021553,75.697,14.089,5.3,0.2694876,0.34026,1.2228616,0.619112,3.4636497,0,0,0,0,1,0
1440,86.998,17.03,5.1,0.2472901,0.5006854,2.5709379,0.3736137,3.7170534,98.451,17.461,2.5,0.1676438,0.4763651,2.6744852,0.4275876,4.6111697,0,0,0,0,1,0
3576,106.605,18.988,5.2,0.2106345,0.4620298,2.3111687,0.4604874,4.5758441,101.973,18.862,7,0.160293,0.4935388,3.0117527,0.3775264,4.9714049,0,0,0,0,1,0
2424,95.487,20.263,1.9,0.482965,0.335226,0.8432469,0.405156,1.7379123,95.008,20.746,5.5,0.3405323,0.4182644,1.3804681,0.3050728,2.31961,0,0,0,1,0,0
2760,74.473,16.065,5.6,0.5752807,0.2863496,0.5002019,0.2506798,0.9728877,72.665,17.766,4.6,0.4396541,0.4180534,1.0809752,0.3968771,1.9567054,0,0,0,1,0,0
3192,93.749,21.471,0,0.7051034,0.256268,0.5833101,0.3225396,0.9149232,92.891,20.295,0,0.6697511,0.199718,0.3932913,0.4111478,1.0147588,0,0,1,0,0,0
1056,97.403,18.609,2.9,0.3039584,0.5418927,1.8357381,0.3075531,2.7592158,97.326,20.997,8.7,0.2770955,0.3790896,2.1275757,0.5372343,3.773318,0,0,0,1,0,0
3120,115.834,26.576,0,0.4424684,0.5309825,1.1869638,0.3403707,1.8804037,101.033,22.738,3.1,0.4357223,0.4505418,1.3091521,0.4968837,2.4613208,0,0,1,0,0,0
720,72.957,15.155,0,0.4244593,0.3629897,0.9583096,0.3339716,1.731481,75.685,16.019,0.4,0.6726025,0.2044452,0.310606,0.2433345,0.6480017,0,0,0,0,1,0
600,89.731,15.857,11.2,0.1985514,0.5237453,2.8663976,0.2770768,3.8463302,87.595,14.655,4.1,0.3182397,0.3849937,1.1184574,0.4248303,2.3219944,0,0,1,0,0,0
3456,101.51,18.98,8.9,0.2586167,0.4034844,1.9425511,0.5178805,4.5451548,100.062,19.085,6.6,0.1461014,0.5501106,3.6131747,0.3945543,5.5921924,0,0,1,0,0,0
1848,100.069,20.697,1.6,0.3671034,0.4593378,1.3837375,0.257874,1.9679049,105.181,17.588,9.3,0.3388641,0.5490121,2.5120363,0.1979181,2.970505,0,1,0,0,0,0
2448,81.242,19.748,2,0.4449536,0.4674839,1.2447478,0.3242668,1.9877831,73.338,16.027,5.1,0.2644117,0.4871916,2.161256,0.398321,3.1987486,0,0,0,1,0,0
720,91.403,15.453,0.5,0.3610089,0.4666708,1.3773038,0.242261,1.8813449,101.136,17.199,2.7,0.4385382,0.4603693,1.4526583,0.3128231,2.0688919,0,0,1,0,0,0
1776,61.898,16.437,2.8,0.610414,0.2532784,0.4300449,0.2660733,0.9799795,62.648,16.453,5.8,0.4770467,0.3862691,0.8030467,0.3018677,1.3232355,0,0,0,1,0,0
2424,72.79,23.442,3.3,0.5022837,0.3678848,0.8057128,0.1629982,1.0368743,72.243,22.737,2.6,0.5169737,0.3511348,0.8494765,0.5566043,1.8236019,0,0,0,1,0,0
1848,79.46,17.375,4.2,0.2084177,0.4723342,2.586661,0.4228735,4.3355489,75.955,16.74,2,0.2942671,0.3877648,1.4696396,0.48837,3.2724046,0,0,0,1,0,0
2352,69.001,16.091,3.4,0.2973512,0.4145703,1.773435,0.4301607,2.9663645,67.986,15.567,1.1,0.3746631,0.4159554,1.5204231,0.3240997,2.5045909,0,0,0,0,1,0
384,92.561,16.939,4.4,0.3851339,0.4035063,0.9826033,0.5574071,2.2230167,65.354,13.934,1.6,0.4982218,0.2462772,0.513004,0.5312436,1.5656653,0,0,0,0,1,0
720,86.845,14.857,0.3,0.3765796,0.4098183,1.1217011,0.4189131,2.3635673,85.52,16.502,0.6,0.2536741,0.5088478,2.1595534,0.4258372,3.6526498,0,0,0,0,1,0
888,88.117,14.878,1.7,0.4555275,0.4244559,0.9973664,0.4689613,1.9849812,82.893,15.888,1.4,0.5366196,0.4676381,1.2434624,0.2742454,1.4637002,0,0,0,0,1,0
1056,102.588,18.604,2.3,0.6700727,0.3128641,0.5043752,0.152989,0.7099872,99.374,17.107,7.2,0.2962391,0.3722273,1.5972569,0.5945122,3.4828172,0,0,0,0,1,0
3360,83.454,18.742,0.4,0.6363412,0.3634015,0.6814997,0.2306595,0.9927234,82.852,18.413,0.4,0.6572748,0.2706228,0.4435302,0.2533374,0.8216829,0,0,0,0,1,0
344,66.999,17.055,6.3,0.5184368,0.4100986,0.8461616,0.2282352,1.2385459,66.122,16.818,12.9,0.3926857,0.3810297,1.1591198,0.340223,1.9308296,0,0,0,0,1,0
336,65.684,14.46,5.7,0.3999052,0.3805378,1.3042149,0.5872525,2.8787376,66.656,14.294,13.2,0.3156695,0.4698564,1.5507191,0.3876287,2.5187922,0,0,0,0,1,0
2448,62.241,19.33,0.4,0.4841726,0.3028276,0.611936,0.3033264,1.2562629,62.671,18.302,1.2,0.382619,0.3541507,0.9654944,0.3998622,1.9308007,0,0,1,0,0,0
3576,58.4,19.444,0.7,0.7287083,0.2385737,0.3448014,0.1235292,0.5643145,58.572,18.714,0.7,0.5012709,0.4350245,1.031791,0.1748331,1.205909,0,0,0,0,1,0
504,60.388,12.189,2.7,0.6548599,0.34878,0.6099439,0.074513,0.6636926,66.813,13.303,7.2,0.4073492,0.4174584,1.5698719,0.3487041,2.2661047,0,1,0,0,0,0
672,65.654,10.768,5.4,0.6394327,0.3535298,0.5863217,0.1202394,0.7453333,67.677,10.956,5.4,0.6248752,0.4121065,0.7083559,0.148803,0.910181,0,1,0,0,0,0
720,68.843,20.03,3.7,0.4508558,0.4006629,0.9739396,0.415282,2.0309778,69.75,14.881,6.1,0.4934693,0.4158318,1.062816,0.3169795,1.5825959,0,0,1,0,0,0
3528,53.811,13.783,3.1,0.7215075,0.2253122,0.3845408,0.254275,0.7560306,54.788,14.173,5.9,0.6193871,0.2467987,0.428698,0.4896527,1.1475704,0,1,0,0,0,0
1272,66.196,15.276,0,0.5606855,0.2655617,0.5023498,0.433224,1.2459604,60.882,11.189,8,0.6122012,0.2859382,0.4888845,0.1960296,0.8258339,0,0,1,0,0,0
1512,65.9,14.335,0,0.4415293,0.190981,0.4893576,0.7419018,2.2747788,59.296,12.654,3.9,0.5193992,0.373821,0.8548834,0.2412822,1.2716955,0,0,1,0,0,0
768,96.943,17.279,0,0.1764762,0.4724197,3.4888113,0.4263821,5.5905007,98.155,16.865,1.7,0.1661101,0.5405613,3.3471399,0.3957525,5.2947625,0,0,0,0,1,0
3528,74.731,17.178,5,0.1848154,0.4774847,2.8776056,0.4084451,4.510092,74.933,17.663,6,0.1809684,0.4979738,3.3660923,0.3910546,5.976108,0,0,0,1,0,0
336,62.255,20.923,0,0.4680272,0.3141809,0.7364887,0.4092872,1.5721299,65.073,26.554,5.7,0.2295697,0.3267907,1.6849648,0.566865,3.6914999,0,1,0,0,0,0
720,71.665,18.829,7,0.4740473,0.3433239,0.9618917,0.3622829,1.7387934,85.443,19.605,0.8,0.5520691,0.3509106,0.8051667,0.3153232,1.3908218,0,0,1,0,0,0
1608,73.361,18.786,1.3,0.5318232,0.3695435,0.7512045,0.1441716,0.9188573,71.501,20.875,3.3,0.5129392,0.3858668,0.7277242,0.3947487,1.4523774,0,0,0,0,1,0
1680,85.935,18.539,0.4,0.2446172,0.3865581,2.1645932,0.5665711,4.4506303,89.63,17.888,3.7,0.1896927,0.4213355,2.6319627,0.5568757,5.068523,0,0,0,0,1,0
2280,73.526,15.34,5.4,0.3288884,0.4062242,1.9182919,0.4551566,2.8587527,73.637,19.543,5.8,0.3151566,0.4964705,1.6012593,0.4145992,2.8017546,0,0,0,0,1,0
1008,77.161,23.605,3.2,0.4989131,0.3054604,1.0670324,0.3823459,1.6823423,97.801,26.397,3.6,0.2658615,0.5088684,1.7564318,0.3916479,2.8940305,0,0,0,0,1,0
1392,81.601,16.916,3.3,0.4965302,0.3370739,0.8253862,0.3426265,1.6160745,77.55,15.412,5.8,0.4699342,0.2832214,0.6938839,0.4535939,1.737704,0,0,0,0,1,0
1608,90.625,17.272,6.5,0.45683,0.345985,0.8142823,0.3348092,1.5203693,86.951,14.16,7.9,0.565729,0.3612579,0.672442,0.1648478,0.8788932,0,0,0,0,1,0
1848,77.004,17.125,4.4,0.3960661,0.4456062,1.1669344,0.3453004,1.9172565,78.68,14.859,0.6,0.5263029,0.2429779,0.4755313,0.5287618,1.4792858,0,0,0,0,1,0
1416,72.383,14.928,7,0.4608153,0.4094669,0.9249745,0.293601,1.6052404,68.183,16.343,2,0.6571559,0.3032251,0.5247622,0.1412957,0.7345226,0,0,1,0,0,0
1608,60.665,12.22,10.9,0.1732973,0.5984539,3.6400816,0.3111473,5.1090485,81.943,13.648,12.5,0.3462615,0.5033969,1.509467,0.2328683,2.2589554,0,0,0,0,1,0
2064,64.627,12.159,5.8,0.1675696,0.7252312,4.4970318,0.15372,4.5040511,66.636,12.019,5.3,0.2115023,0.6922276,3.5110864,0.1587684,4.0742439,0,0,0,0,1,0
439,87.797,22.282,9.5,0.2484224,0.5307329,2.2019698,0.2675981,3.2401555,66.588,15.189,1.9,0.4007304,0.3924896,1.4186333,0.4434567,2.1356408,0,1,0,0,0,0
432,70.239,14.817,0,0.4048571,0.3530552,0.976002,0.5130303,2.1875688,65.303,15.872,4.4,0.2866174,0.2324775,0.7705447,0.6786123,3.2246833,0,1,0,0,0,0
3120,61.484,15.776,0.1,0.4251045,0.3914361,1.1261917,0.3344523,1.7895255,96.78,15.914,5.8,0.2664163,0.5198022,2.6135648,0.3820292,3.7372693,0,0,0,1,0,0
3576,75.409,14.835,0.8,0.3396394,0.5063848,1.7761611,0.3470582,2.4949858,94.701,15.67,7.6,0.2595482,0.4068377,2.2196929,0.4982481,3.3869432,0,0,0,1,0,0
3192,76.679,18.323,0.4,0.5527158,0.277765,0.5758245,0.2834727,1.1334212,77.704,25.013,1.4,0.3986865,0.4391101,1.5264538,0.2997878,2.3805179,0,0,0,0,1,0
3528,81.178,21.119,2.2,0.4100353,0.3806135,1.1495061,0.2581103,1.7385156,81.227,21.701,4.3,0.4524539,0.3933019,1.4207263,0.2776356,1.6476108,0,1,0,0,0,0
2856,102.029,16.129,7.2,0.2378122,0.3938777,2.1474364,0.540019,4.8651903,99.259,16.451,8.6,0.2111846,0.5087926,3.8102912,0.3967901,6.1551168,0,1,0,0,0,0
1128,64.525,18.929,3.9,0.3743015,0.462587,1.411865,0.2250011,1.8267418,56.027,15.374,7.2,0.3911622,0.4352373,1.2976323,0.2167678,1.7819193,0,1,0,0,0,0
1344,65.763,16.332,1.9,0.4985514,0.3543332,0.7061404,0.2981717,1.342142,57.846,15.415,3.6,0.4113523,0.4059598,1.1915361,0.3729705,2.1588423,0,1,0,0,0,0
1728,59.564,11.434,5.2,0.4104083,0.4135543,1.241198,0.3547026,2.0291468,60.118,12.699,3.2,0.4729617,0.330711,0.7619701,0.2974969,1.3981368,0,0,0,0,1,0
1848,61.837,11.668,2.2,0.2245872,0.4956502,2.6655657,0.2494343,3.6226035,56.851,10.942,7.1,0.5682334,0.3159474,0.616768,0.2582413,1.0796581,0,0,0,1,0,0
168,54.728,18.776,1.7,0.5483372,0.3365023,0.6781045,0.1742931,1.0413406,57.699,18.694,5.1,0.3406263,0.2915028,1.0867932,0.6274619,3.2147683,0,1,0,0,0,0
1608,53.995,19.869,0.9,0.4757983,0.4089082,1.068908,0.2617723,1.7857556,55.723,20.565,4,0.5189464,0.362418,0.7103959,0.2257788,1.1808927,0,0,1,0,0,0
1896,58.557,19.507,7.9,0.3185615,0.4142139,1.4497399,0.5324346,3.4892584,53.636,18.708,6.8,0.4563885,0.3318724,0.7453209,0.5342576,1.8680081,0,1,0,0,0,0
2112,82.072,20.965,9.9,0.4974218,0.2988244,0.6153974,0.430514,1.4860123,84.727,21.266,10.1,0.4358956,0.3690107,0.9181517,0.3667915,1.7430986,0,1,0,0,0,0
2448,75.769,16.452,0.9,0.283344,0.5038928,2.0825635,0.2824454,2.7377034,73.635,12.841,7.6,0.3594253,0.4310738,1.3587638,0.3542049,2.0844753,0,0,1,0,0,0
600,101.24,25.769,3,0.1399769,0.5084144,4.0420432,0.5476495,7.6096683,105.964,15.183,5.4,0.4239559,0.3496802,1.1040836,0.4765011,2.3602637,0,0,0,0,1,0
2664,93.806,18.197,1.7,0.5916878,0.3394423,0.7248267,0.3304844,1.3667052,93.375,16.951,5.2,0.4421906,0.3376362,0.9630475,0.3590627,1.9232387,0,0,0,0,1,0
720,93.645,29.173,1.5,0.3426546,0.5123196,1.8638738,0.2598399,2.3295962,94.373,29.965,5.8,0.2460064,0.5342783,2.4082711,0.3129815,3.6846764,0,1,0,0,0,0
1008,95.535,28.678,3.2,0.3025884,0.4144566,1.646258,0.5493285,3.4370072,100.687,28.246,0.4,0.4883024,0.4827829,1.3164611,0.2195008,1.639453,0,0,0,0,1,0
1272,104.537,28.748,5.5,0.3312681,0.5444407,1.922857,0.2303579,2.2444748,106.953,32.254,8.3,0.4276298,0.3700595,1.0089953,0.3881304,1.8966897,0,0,0,0,1,0
2448,92.105,20.447,4.7,0.3888986,0.3345265,1.4650032,0.5402157,2.966603,91.806,23.961,11.5,0.2694914,0.367841,1.5796774,0.5937282,3.5100806,0,1,0,0,0,0
3576,90.841,24.656,8,0.2210977,0.4516472,2.7460535,0.4295986,4.5125915,93.905,29.378,9.9,0.216458,0.4515937,2.1868131,0.498692,4.1753735,1,0,0,0,0,0
456,68.816,18.697,10.6,0.3336844,0.3871823,1.9668228,0.4814465,2.8534666,59.915,21.425,1.3,0.283059,0.3631207,1.5967483,0.5089329,3.1104735,0,0,0,0,1,0
2304,99.553,17.467,2.4,0.1948443,0.4384364,2.4033232,0.4318088,4.3185324,94.556,17.717,4.9,0.1751313,0.47615,2.6105179,0.4249852,4.6608836,0,0,1,0,0,0
792,68.328,20.571,3.3,0.4702901,0.3452651,1.0235355,0.3679034,1.4864581,66.939,18.133,0,0.6182526,0.3097074,0.5069673,0.1745038,0.7276334,0,0,0,0,1,0
2400,72.487,22.425,7.2,0.4387645,0.4615531,1.1305091,0.2771981,1.7354153,67.509,22.416,7.7,0.1958065,0.4354915,2.3820868,0.449151,4.314396,0,0,0,0,1,0